"Campanya";" Mitjà de comunicació";" Tipologia de mitjà";" Acció publicitària desglossada per conceptes";" Període d'execució";" Preu (IVA inclòs)";" Empresa de comunicació";" Òrgan promotor "
"Festival MOT";"ARA";"Premsa";"1 anunci de pàgina sencera ";"13 de març";"600,00";"Edició de Premsa Periòdica Ara SL";"Alcaldia - Unitat: Oficina de comunicació"
"Festival MOT";"TOT OCI";"Revista";"1 anunci de pàgina sencera ";"Març";"220,22";"Totoci Business SL";"Alcaldia - Unitat: Oficina de comunicació"
"Festival MOT";"ARA ";"Digital";"Bàners 980x250 / 300x600 / 320x100 - 200.000 imp. - IP Girona";"Del 14 al 22 de març";"290,40";"Edició de Premsa Periòdica Ara SL";"Alcaldia - Unitat: Oficina de comunicació"
"8 de març";"ARA";"Premsa";"1 anunci de pàgina sencera ";"6 de març";"600,00";"Edició de Premsa Periòdica Ara SL";"Alcaldia - Unitat: Oficina de comunicació"
"8 de març";"L'ESPORTIU";"Premsa";"1 anunci de pàgina sencera ";"8 de març";"1.008,33";"Hermes Comunicacions SA";"Alcaldia - Unitat: Oficina de comunicació"
"8 de març";"TOT OCI";"Revista";"1 anunci de pàgina sencera ";"Març";"220,22";"Totoci Business SL";"Alcaldia - Unitat: Oficina de comunicació"
"8 de març";"GIDONA";"Revista ";"1 anunci de pàgina sencera ";"Març";"375,10";"Serrat Comunicació SL";"Alcaldia - Unitat: Oficina de comunicació"
"8 de març";"ARA";"Digital";"Bàners 980x250 / 300x600 / 320x100 - 200.000 imp. - IP Girona";"Del 3 al 10 de març";"290,40";"Edició de Premsa Periòdica Ara SL";"Alcaldia - Unitat: Oficina de comunicació"
"8 de març";"VILAWEB";"Digital";"Bàners 970x250 / 300x600 - 462.562 imp.  - IP Girona";"Del 3 al 10 de març";"1.125,00";"Partal, Maresma & Associats SL";"Alcaldia - Unitat: Oficina de comunicació"
"8 de març";"EL MÓN";"Digital";"Bàners 300x600 / 300x250 / 970x250 / 300x140 - 250.000 imp.  - Girona";"Del 3 al 10 de març";"605,00";"Editora Singular Digital 2 GR SL";"Alcaldia - Unitat: Oficina de comunicació"
"8 de març";"EL NACIONAL";"Digital";"Bàner 300x600 - 250.000 imp.  - IP Girona";"Del 3 al 10 de març";"1.210,00";"Grup Les Notícies de Catalunya SLU";"Alcaldia - Unitat: Oficina de comunicació"
"8 de març";"EL GERIÓ";"Digital";"Bàner 300x250 / 970x250";"Del 3 al 10 de març";"143,35";"Marc Estarriola Prujà";"Alcaldia - Unitat: Oficina de comunicació"
"8 de març";"RÀDIO GIRONA";"Ràdio";"40 falques";"Del 3 al 10 de març";"953,48";"Sociedad Española de Radiodifusión SL";"Alcaldia - Unitat: Oficina de comunicació"
"8 de març";"RAC1";"Ràdio";"40 falques amb desconnexió Girona";"Del 3 al 10 de març";"810,70";"Godó Strategies SL";"Alcaldia - Unitat: Oficina de comunicació"
"8 de març";"CATALUNYA RÀDIO";"Ràdio";"20 falques amb desconnexió Girona";"Del 3 al 10 de març";"454,96";"Corporació Catalana de Mitjans Audiovisuals SA";"Alcaldia - Unitat: Oficina de comunicació"
"Jornada de l'Esport Femení";"L'ESPORTIU";"Premsa";"1 anunci de pàgina sencera";"9 de març";"1.008,33";"Hermes Comunicacions SA";"Alcaldia - Unitat: Oficina de comunicació"
"Cicle A Prop";"ARA ";"Premsa";"1 anunci de mitja pàgina";"5 de juny";"300,00";"Edició de Premsa Periòdica Ara SL";"Alcaldia - Unitat: Oficina de comunicació"
"Cicle A Prop";"TOT OCI";"Revista";"1 anunci de pàgina sencera ";"Juny";"220,22";"Totoci Business SL";"Alcaldia - Unitat: Oficina de comunicació"
"Cicle A Prop";"PEDRES DE GIRONA";"Digital";"Publireportatge";"Maig - Juny";"605,00";"M. Asunción Parés Valls";"Alcaldia - Unitat: Oficina de comunicació"
"Temps de Flors ";"ARA";"Premsa";"1 anunci de pàgina sencera";"8 de maig";"600,00";"Edició de Premsa Periòdica Ara SL";"Alcaldia - Unitat: Oficina de comunicació"
"Temps de Flors ";"LA VANGUARDIA";"Premsa";"1 anunci de mitja pàgina";"9 de maig";"605,00";"Godó Strategies SL";"Alcaldia - Unitat: Oficina de comunicació"
"Temps de Flors ";"TOT OCI";"Revista";"1 anunci de pàgina sencera";"Maig";"220,22";"Totoci Business SL";"Alcaldia - Unitat: Oficina de comunicació"
"Temps de Flors ";"GIDONA";"Revista";"1 anunci de pàgina sencera";"Maig";"375,10";"Visit Serveis Turístics SL";"Alcaldia - Unitat: Oficina de comunicació"
"Temps de Flors ";"TOP GIRONA";"Revista";"1 anunci de pàgina sencera";"Abril-maig-juny";"900,00";"Edicions Digitals de Catalunya SL";"Alcaldia - Unitat: Oficina de comunicació"
"Temps de Flors ";"ARA";"Digital";"Bàners 970x250 / 300x600 / 300x250 / 300x140 - 200.000 imp. - IP Catalunya";"Del 8 al 15 de maig";"290,40";"Edició de Premsa Periòdica Ara SL";"Alcaldia - Unitat: Oficina de comunicació"
"Temps de Flors ";"VILAWEB";"Digital";"Bàners 970x250 / 300x600 - 462.562 imp.  - IP Catalunya";"Del 6 al 12 de maig";"1.125,00";"Partal, Maresma & Associats SL";"Alcaldia - Unitat: Oficina de comunicació"
"Temps de Flors ";"NACIÓ DIGITAL";"Digital";"Bàners 300x600 / 970x90 / 300x100 / 300x250 - 550.000 imp.  - IP Catalunya";"Del 6 al 12 de maig";"1.664,96";"Edicions Digitals de Premsa Local SL";"Alcaldia - Unitat: Oficina de comunicació"
"Temps de Flors ";"EL MÓN";"Digital";"Bàners 300x600 / 300x250 / 970x250 / 300x140 - 250.000 imp.  - IP Catalunya";"Del 6 al 12 de maig";"1.097,47";"Editora Singular Digital 2 GR SL";"Alcaldia - Unitat: Oficina de comunicació"
"Temps de Flors ";"EL NACIONAL";"Digital";"Bàner 300x600 - 250.000 imp.  - IP Catalunya";"Del 6 al 12 de maig";"1.210,00";"Grup Les Notícies de Catalunya SLU";"Alcaldia - Unitat: Oficina de comunicació"
"Temps de Flors ";"PEDRES DE GIRONA";"Digital";"Publireportatge";"Maig";"605,00";"M. Asunción Parés Valls";"Alcaldia - Unitat: Oficina de comunicació"
"Temps de Flors ";"RAC1";"Ràdio";"40 falques amb desconnexió Girona";"Del 7 a l'11 de maig";"810,70";"Godó Strategies SL";"Alcaldia - Unitat: Oficina de comunicació"
"Notes al Parc";"ARA";"Premsa";"1 anunci de mitja pàgina";"10 de juliol";"300,00";"Edició de Premsa Periòdica Ara SL";"Alcaldia - Unitat: Oficina de comunicació"
"Notes al Parc";"TOT OCI";"Revista";"1 anunci de pàgina sencera";"Juliol";"220,22";"Totoci Business SL";"Alcaldia - Unitat: Oficina de comunicació"
"Notes al Parc";"ENDERROCK";"Revista";"1 anunci de pàgina sencera";"Juliol";"1.270,50";"Grup Enderrock Edicions SL";"Alcaldia - Unitat: Oficina de comunicació"
"Notes al Parc";"LA CULTURA NO VAL RES";"Digital";"Bàner ";"Juliol i agost ";"250,00";"La Cultura No Val Res";"Alcaldia - Unitat: Oficina de comunicació"
"Notes al Parc";"RÀDIO GIRONA";"Ràdio";"40 falques ";"Del 7 al 18 de juliol";"953,48";"Sociedad Española de Radiodifusión SL";"Alcaldia - Unitat: Oficina de comunicació"
"Notes al Parc";"RAC105";"Ràdio";"30 falques amb desconnexió Girona";"Del 8 al 12 de juliol";"217,80";"Godó Strategies SL";"Alcaldia - Unitat: Oficina de comunicació"
"Aula d'Escriptura ";"ARA";"Premsa";"1 anunci de pàgina sencera ";"4 de setembre";"600,00";"Edició de Premsa Periòdica Ara SL";"Alcaldia - Unitat: Oficina de comunicació"
"Aula d'Escriptura ";"TOT OCI";"Revista";"1 anunci de pàgina sencera";"Setembre";"220,22";"Totoci Business SL";"Alcaldia - Unitat: Oficina de comunicació"
"Aula d'Escriptura ";"CATALUNYA RÀDIO";"Ràdio";"20 falques amb desconnexió Girona";"Del 2 al 8 de setembre ";"454,96";"Corporació Catalana de Mitjans Audiovisuals SA";"Alcaldia - Unitat: Oficina de comunicació"
"Fires de Sant Narcís";"ARA";"Premsa";"2 anuncis de mitja pàgina";"16 i 23 d'octubre";"600,00";"Edició de Premsa Periòdica Ara SL";"Alcaldia - Unitat: Oficina de comunicació"
"Fires de Sant Narcís";"LA VANGUARDIA";"Premsa";"1 anunci de mitja pàgina";"24 d'octubre";"605,00";"Godó Strategies SL";"Alcaldia - Unitat: Oficina de comunicació"
"Fires de Sant Narcís";"EL PERIÓDICO";"Premsa";"1 faldó";"24 d'octubre";"605,00";"Premsa Iberica 360 SLU";"Alcaldia - Unitat: Oficina de comunicació"
"Fires de Sant Narcís";"TOT OCI";"Revista";"1 anunci de pàgina sencera";"Octubre";"220,22";"Totoci Business SL";"Alcaldia - Unitat: Oficina de comunicació"
"Fires de Sant Narcís";"GIDONA";"Revista";"1 anunci de pàgina sencera";"Octubre";"375,10";"Serrat Comunicació SL";"Alcaldia - Unitat: Oficina de comunicació"
"Fires de Sant Narcís";"ENDERROCK";"Revista";"1 anunci de pàgina sencera ";"Octubre";"1.270,50";"Grup Enderrock Edicions SL";"Alcaldia - Unitat: Oficina de comunicació"
"Fires de Sant Narcís";"EL TEMPS";"Revista";"1 anunci de pàgina sencera ";"Octubre";"1.815,00";"Edicions del País Valencià, SA";"Alcaldia - Unitat: Oficina de comunicació"
"Fires de Sant Narcís";"DESCOBRIR";"Revista";"1 anunci de pàgina sencera";"Octubre";"1.250,00";"Abacus, SCCL";"Alcaldia - Unitat: Oficina de comunicació"
"Fires de Sant Narcís";"EL FOMENT";"Revista ";"1 anunci de pàgina sencera";"Octubre-Devembre";"605,00";"Fundació Cultural El Foment";"Alcaldia - Unitat: Oficina de comunicació"
"Fires de Sant Narcís";"ARA";"Digital";"Campanya a Instagram de l'Ara";"Octubre";"605,00";"Edició de Premsa Periòdica Ara SL";"Alcaldia - Unitat: Oficina de comunicació"
"Fires de Sant Narcís";"VILAWEB";"Digital";"Bàners 970x250 / 300x600 - 462.562 imp. - IP Catalunya";"Del 20 al 27 d'octubre";"1.125,00";"Partal, Maresma & Associats SL";"Alcaldia - Unitat: Oficina de comunicació"
"Fires de Sant Narcís";"NACIÓ DIGITAL";"Digital";"Bàners 300x600 / 970x90 / 320x100 / 300x250 - 350.000 imp. - IP Girona ";"Del 20 al 27 d'octubre";"1.064,80";"Edicions Digitals de Premsa Local SL";"Alcaldia - Unitat: Oficina de comunicació"
"Fires de Sant Narcís";"EL MÓN";"Digital";"Bàners 300x600 / 300x250 / 970x250 / 300x140 - 250.000 imp. - IP Catalunya ";"Del 20 al 27 d'octubre";"1.097,47";"Editora Singular Digital 2 GR SL";"Alcaldia - Unitat: Oficina de comunicació"
"Fires de Sant Narcís";"EL NACIONAL";"Digital";"Bàner 300x600 - 250.000 imp. - IP Catalunya";"Del 20 al 27 d'octubre";"1.210,00";"Grup Les Notícies de Catalunya SLU";"Alcaldia - Unitat: Oficina de comunicació"
"Fires de Sant Narcís";"EL GERIÓ";"Digital";"Bàner 300x250 / 970x250";"Del 18 d'octubre a l'1 de novembre";"268,78";"Marc Estarriola Prujà";"Alcaldia - Unitat: Oficina de comunicació"
"Fires de Sant Narcís";"PEDRES DE GIRONA";"Digital";"Publireportatge";"Octubre i novembre";"605,00";"M. Asunción Parés Valls";"Alcaldia - Unitat: Oficina de comunicació"
"Fires de Sant Narcís";"MENUTS";"Digital";"Publireportatge";"Octubre";"202,07";"Estudi Utòpic SC";"Alcaldia - Unitat: Oficina de comunicació"
"Fires de Sant Narcís";"RÀDIO GIRONA ";"Ràdio";"50 falques a Ràdio Girona + 35 falques a Els 40";"Del 20 al 30 d'octubre";"1.755,71";"Sociedad Española de Radiodifusión SL";"Alcaldia - Unitat: Oficina de comunicació"
"Fires de Sant Narcís";"RAC1 i RAC105";"Ràdio";"40 falques a RAC1 (desc. Girona) + 30 falques a RAC105 (desc. Girona)";"Del 20 al 31 d'octubre";"992,20";"Godó Strategies SL";"Alcaldia - Unitat: Oficina de comunicació"
"Fires de Sant Narcís";"FLAIX";"Ràdio";"36 falques a Flaixbac amb desconnexió Girona";"Del 20 al 26 d'octubre";"472,19";"Media Manga Mangotière SL";"Alcaldia - Unitat: Oficina de comunicació"
"Fires de Sant Narcís";"CATALUNYA RÀDIO";"Ràdio";"17 falques a Catalunya Ràdio (desc. Girona) + 9 falques a Icat";"Del 20 al 26 d'octubre";"599,05";"Corporació Catalana de Mitjans Audiovisuals SA";"Alcaldia - Unitat: Oficina de comunicació"
"Fires de Sant Narcís";"RÀDIO ARRELS";"Ràdio";"40 falques";"Del 20 al 27 d'octubre";"340,00";"Association Arrels: Préfecture des Pyrénées-Orientales";"Alcaldia - Unitat: Oficina de comunicació"
"Nadal";"ARA";"Premsa";"1 anunci de pàgina sencera";"18 de desembre";"600,00";"Edició de Premsa Periòdica Ara SL";"Alcaldia - Unitat: Oficina de comunicació"
"Nadal";"LA VANGUARDIA";"Premsa";"1 anunci de mitja pàgina";"19 de desembre";"605,00";"Godó Strategies SL";"Alcaldia - Unitat: Oficina de comunicació"
"Nadal";"TOT OCI";"Revista";"1 anunci de pàgina sencera";"Desembre";"220,22";"Totoci Business SL";"Alcaldia - Unitat: Oficina de comunicació"
"Nadal";"ARA";"Digital";"Bàners 970x250 / 300x600 / 300x250 / 300x140 - 200.000 imp. ";"Del 15 al 31 de desembre";"290,40";"Edició de Premsa Periòdica Ara SL";"Alcaldia - Unitat: Oficina de comunicació"
"Nadal";"VILAWEB";"Digital";"Bàners 970x250 / 300x600 - 462.562 imp. - IP Catalunya";"Del 17 al 23 de desembre";"1.125,00";"Partal, Maresma & Associats SL";"Alcaldia - Unitat: Oficina de comunicació"
"Nadal";"NACIÓ DIGITAL";"Digital";"Bàners 300x600 / 970x90 / 320x100 / 300x250 - 400.000 imp. - IP Catalunya";"Del 17 al 23 de desembre";"1.216,05";"Edicions Digitals de Premsa Local SL";"Alcaldia - Unitat: Oficina de comunicació"
"Nadal";"EL MÓN";"Digital";"Bàners 300x600 / 300x250 / 970x250 / 300x140 - 250.000 imp. - IP Catalunya ";"Del 17 al 23 de desembre";"1.097,47";"Editora Singular Digital 2 GR SL";"Alcaldia - Unitat: Oficina de comunicació"
"Nadal";"EL NACIONAL";"Digital";"Bàner 300x600 - 250.000 imp. - IP Catalunya";"Del 17 al 23 de desembre";"1.210,00";"Grup Les Notícies de Catalunya SLU";"Alcaldia - Unitat: Oficina de comunicació"
"Nadal";"PEDRES DE GIRONA";"Digital";"Publireportatge";"Desembre";"605,00";"M. Asunción Parés Valls";"Alcaldia - Unitat: Oficina de comunicació"
"Nadal";"RÀDIO GIRONA";"Ràdio";"40 falques";"Del 15 al 31 de desembre";"905,08";"Sociedad Española de Radiodifusión SL";"Alcaldia - Unitat: Oficina de comunicació"
"Nadal";"RAC105";"Ràdio";"40 falques amb desconnexió Girona";"Del 17 al 31 de desembre";"242,00";"Godó Strategies SL";"Alcaldia - Unitat: Oficina de comunicació"
"Nadal";"CATALUNYA RÀDIO";"Ràdio";"38 falques amb desconnexió Girona";"Del 17 al 23 de desembre";"956,38";"Corporació Catalana de Mitjans Audiovisuals SA";"Alcaldia - Unitat: Oficina de comunicació"
"Cursa de Sant Silvestre ";"LA REPÚBLICA ";"Premsa ";"1 anunci de pàgina sencera";"20 de desembre";"1.512,50";"Hermes Comunicacions SL";"Alcaldia - Unitat: Oficina de comunicació"
"Cursa de Sant Silvestre";"L'ESPORTIU";"Premsa";"1 anunci de pàgina sencera";"20 de desembre";"1.008,33";"Hermes Comunicacions SL";"Alcaldia - Unitat: Oficina de comunicació"
"Girona 2100";"ARA";"Premsa";"2 anuncis de mitja pàgina";"6 i 27 de març";"300,00";"Edició de Premsa Periòdica Ara SL";"Alcaldia - Unitat: Oficina de comunicació"
"Girona 2100";"RAC1";"Ràdio";"30 falques amb desconnexió Girona";"Del 20 al 28 de març";"617,10";"Godó Strategies SL";"Alcaldia - Unitat: Oficina de comunicació"
"Foment del civisme (Jornades Repensem Girona)";"ARA";"Premsa";"Publireportatge ";"27 de novembre";"1.210,00";"Edició de Premsa Periòdica Ara SL";"Alcaldia - Unitat: Oficina de comunicació"
"Polítiques d'habitatge i rehabilitació ";"ARA";"Premsa";"Publireportatge ";"1 de maig";"1.210,00";"Edició de Premsa Periòdica Ara SL";"Alcaldia - Unitat: Oficina de comunicació"
"Polítiques d'habitatge i rehabilitació ";"EL MÓN";"Digital";"Bàners 300x600 / 300x250 / 970x250 / 300x140 - 125.000 imp. - IP Girona";"Del 7 al 13 d'abril";"605,00";"Editora Singular Digital 2 GR SL";"Alcaldia - Unitat: Oficina de comunicació"
"Polítiques d'habitatge i rehabilitació ";"EL GERIÓ";"Digital";"Bàners 300x250 / 970x250";"Del 7 al 30 d'abril";"412,13";"Marc Estarriola Prujà";"Alcaldia - Unitat: Oficina de comunicació"
"Polítiques d'habitatge i rehabilitació ";"CRÍTIC";"Digital";"Publireportatge ";"Maig";"1.210,00";"Crític SCCL";"Alcaldia - Unitat: Oficina de comunicació"
"Polítiques d'habitatge i rehabilitació ";"RÀDIO GIRONA";"Ràdio";"60 falques";"Del 7 al 17 d'abril";"1.406,02";"Sociedad Española de Radiodifusión SL";"Alcaldia - Unitat: Oficina de comunicació"
"Polítiques d'habitatge i rehabilitació ";"RAC1";"Ràdio";"40 falques amb desconnexió Girona";"Del 7 al 13 d'abril";"810,70";"Godó Strategies SL";"Alcaldia - Unitat: Oficina de comunicació"
"Difusió dels museus, exposicions i conferències municipals";"BONART";"Revista";"2 anuncis de pàgina sencera";"Març i Setembre";"3.000,80";"Bonart Cultural SL";"Alcaldia - Unitat: Oficina de comunicació"
"Difusió dels museus, exposicions i conferències municipals";"LA PUNXA";"Revista";"2 anuncis de pàgina sencera";"Abril i Octubre";"800,00";"Col·legi d'Aparelladors, Arquitectes Tècnics i Enginyers d'Edificació de Girona";"Alcaldia - Unitat: Oficina de comunicació"
"Teatre Municipal";"PROSCENIUM";"Digital";"2 anuncis de pàgina sencera ";"Març i Octubre";"2.420,00";"Proscenium Editorial SL";"Alcaldia - Unitat: Oficina de comunicació"
"Mobilitat sostenible i segura";"L'ESPORTIU";"Premsa ";"1 anunci de pàgina sencera ";"12 de setembre";"1.008,33";"Hermes Comunicacions SL";"Alcaldia - Unitat: Oficina de comunicació"
"Mobilitat sostenible i segura";"CRÍTIC";"Digital";"Publireportatge ";"Octubre";"1.210,00";"Crític SCCL";"Alcaldia - Unitat: Oficina de comunicació"
"Difusió del patrimoni social, cultural, turístic, històric i natural";"CRÍTIC";"Digital";"Publireportatge ";"Desembre";"1.210,00";"Crític SCCL";"Alcaldia - Unitat: Oficina de comunicació"
"La Marfà";"ENDERROCK";"Revista";"2 anuncis de pàgina sencera";"Març i Setembre";"2.541,00";"Grup Enderrock Edicions SL";"Alcaldia - Unitat: Oficina de comunicació"
"La Marfà";"RAC105";"Ràdio";"39 falques amb desconnexió Girona";"De l'1 al 7 d'octubre";"272,25";"Godó Strategies SL";"Alcaldia - Unitat: Oficina de comunicació"
"Premis, beques i subvencions ";"ARA";"Premsa";"3 anuncis de mitja pàgina";"13, 20 i 27 de novembre";"900,02";"Edició de Premsa Periòdica Ara SL";"Alcaldia - Unitat: Oficina de comunicació"
"Premis, beques i subvencions ";"SAPIENS";"Revista ";"1 anunci de pàgina sencera";"Novembre";"1.250,00";"Abacus, SCCL";"Alcaldia - Unitat: Oficina de comunicació"
"Premis, beques i subvencions ";"CAPÇALERA";"Revista";"2 anuncis de pàgina sencera";"Octubre i Desembre";"1.210,00";"Col·legi de Periodistes de Catalunya";"Alcaldia - Unitat: Oficina de comunicació"
"Premis, beques i subvencions ";"EL GERIÓ";"Digital";"Bàner 970x250 / 300x250";"Del 10 de novembre al 10 de gener de 2026";"1.110,95";"Marc Estarriola Prujà";"Alcaldia - Unitat: Oficina de comunicació"
"Premis, beques i subvencions ";"NÚVOL";"Digital";"Bàner 300x300 + Redaccional ";"Del 19 al 26 de novembre";"500,00";"Edicions del Núvol SLU";"Alcaldia - Unitat: Oficina de comunicació"
"Premis, beques i subvencions ";"SOCIAL";"Digital";"Bàner 300x250";"Del 18 de novembre al 17 de desembre";"250,00";"Associació Xarxa Digital Catalana";"Alcaldia - Unitat: Oficina de comunicació"
"Premis, beques i subvencions ";"RÀDIO GIRONA";"Ràdio";"120 falques";"De l'11 al 24 de novembre i del 9 al 23 de desembre";"2.763,64";"Sociedad Española de Radiodifusión SL";"Alcaldia - Unitat: Oficina de comunicació"
"Premis, beques i subvencions ";"RAC1";"Ràdio";"30 falques amb desconnexió Girona";"Del 18 al 24 de novembre";"617,10";"Godó Strategies SL";"Alcaldia - Unitat: Oficina de comunicació"
"Foment de la igualtat entre persones (25N)";"L'ESPORTIU";"Premsa";"1 anunci de pàgina sencera";"25 de novembre";"1.008,33";"Hermes Comunicacions SA";"Alcaldia - Unitat: Oficina de comunicació"
"Foment de la igualtat entre persones (25N)";"EL GERIÓ";"Digital";"Bàners 300x250 / 972x250";"Del 20 de novembre al 4 de gener de 2026";"837,55";"Marc Estarriola Prujà";"Alcaldia - Unitat: Oficina de comunicació"
"Foment de la igualtat entre persones (25N)";"RÀDIO GIRONA";"Ràdio";"40 falques";"Del 24 al 28 de novembre";"905,08";"Sociedad Española de Radiodifusión SL";"Alcaldia - Unitat: Oficina de comunicació"
"Foment de la igualtat entre persones (25N)";"RAC1";"Ràdio";"30 falques amb desconnexió Girona";"Del 24 al 28 de novembre";"580,80";"Godó Strategies SL";"Alcaldia - Unitat: Oficina de comunicació"
"Fons innovació Girona";"ARA";"Premsa";"1 anunci de pàgina sencera";"6 de novembre";"600,00";"Edició de Premsa Periòdica Ara SL";"Alcaldia - Unitat: Oficina de comunicació "
"Fons innovació Girona";"CATALONIA TODAY";"Premsa";"1 anunci de pàgina sencera";"2 de novembre";"514,25";"Hermes Comunicacions SA";"Alcaldia - Unitat: Oficina de comunicació "
"Fons innovació Girona";"L'ECONÒMIC";"Premsa";"2 anuncis de pàgina sencera ";"9 i 16 de novembre";"2.420,00";"Hermes Comunicacions SA";"Alcaldia - Unitat: Oficina de comunicació "
"Fons innovació Girona";"TOT OCI";"Revista";"1 anunci de pàgina sencera";"Novembre";"220,22";"Totoci Business SL";"Alcaldia - Unitat: Oficina de comunicació "
"Fons innovació Girona";"GIDONA";"Revista";"1 anunci de pàgina sencera";"Novembre";"375,10";"Serrat Comunicació SL";"Alcaldia - Unitat: Oficina de comunicació "
"Fons innovació Girona";"TOP GIRONA";"Revista";"1 anunci de pàgina sencera";"Novembre";"900,00";"Edicions Digitals de Catalunya SL";"Alcaldia - Unitat: Oficina de comunicació "
"Fons innovació Girona";"EL GERIÓ";"Digital";"Bàners 300x250 / 970x250";"De l'1 al 30 de novembre";"537,55";"Marc Estarriola Prujà";"Alcaldia - Unitat: Oficina de comunicació "
"Fons innovació Girona";"RÀDIO GIRONA";"Ràdio";"40 falques";"Del 10 al 17 de novembre";"953,48";"Sociedad Española de Radiodifusión SL";"Alcaldia - Unitat: Oficina de comunicació "
"Fons innovació Girona";"RAC1";"Ràdio";"40 falques amb desconnexió Girona";"Del 10 al 17 de novembre";"810,70";"Godó Strategies SL";"Alcaldia - Unitat: Oficina de comunicació "
"Difusió;;; de publicitat institucional a la premsa diària";"DIARI DE GIRONA";"Premsa";"Contracte anual de publicitat segons Pla de publicitat i comunicació institucional 2025";"Any 2025";"23.454,64";"Diari de Girona SA";"Contractació major. Procediment negociat sense publicitat"
"Difusió;;; de publicitat institucional a la premsa diària";"EL PUNT AVUI";"Premsa";"Contracte anual de publicitat segons Pla de publicitat i comunicació institucional 2025";"Any 2025";"51.318,52";"Hermes Comunicacions SL";"Contractació major. Procediment negociat sense publicitat"
"Difusió;;; de publicitat i comunicació institucional a la televisió";"TV Girona";"Televisió";"Contracte anual de publicitat segons Pla de publicitat i comunicació institucional 2025";"Any 2025";"60.481,85";"Televisió de Girona SL";"Contractació major. Procediment negociat sense publicitat"
